{
  "sceneRotation": {
    "y": 180
  },
  "vrmPose": {
    "hips": {
      "rotation": [
        -0.01947583258152008,
        -0.11082828789949417,
        0.05587577447295189,
        0.9920763969421387
      ]
    },
    "spine": {
      "rotation": [
        -0.050509385764598846,
        -0.05760173127055168,
        0.1085907518863678,
        0.9911301136016846
      ]
    },
    "chest": {
      "rotation": [
        -0.023303858935832977,
        -0.013359245844185352,
        0.05740378424525261,
        0.9979895949363708
      ]
    },
    "neck": {
      "rotation": [
        0.011727910488843918,
        0.10367448627948761,
        0.027047565206885338,
        0.9941743016242981
      ]
    },
    "head": {
      "rotation": [
        -0.0938313901424408,
        0.22724540531635284,
        0.08240121603012085,
        0.9657977223396301
      ]
    },
    "rightShoulder": {
      "rotation": [
        0.0014208159409463406,
        0.02909078821539879,
        0.04244457557797432,
        -0.998674213886261
      ]
    },
    "rightUpperArm": {
      "rotation": [
        -0.2514817416667938,
        0.05585186183452606,
        -0.339212566614151,
        0.904749870300293
      ]
    },
    "rightLowerArm": {
      "rotation": [
        0.0002567110932432115,
        0.37240296602249146,
        -0.0001032723012031056,
        0.9280710816383362
      ]
    },
    "rightHand": {
      "rotation": [
        0.06020562723278999,
        0.05909856781363487,
        0.14368291199207306,
        0.9860212802886963
      ]
    },
    "rightThumbMetacarpal": {
      "rotation": [
        -0.0046418881975114346,
        0.004365947563201189,
        -0.01968131959438324,
        0.9997860193252563
      ]
    },
    "rightThumbProximal": {
      "rotation": [
        -0.03800411894917488,
        -0.06390693783760071,
        0.004921318963170052,
        0.9972198009490967
      ]
    },
    "rightThumbDistal": {
      "rotation": [
        -0.007673924323171377,
        -0.03912871703505516,
        0.020259154960513115,
        0.9989993572235107
      ]
    },
    "rightIndexProximal": {
      "rotation": [
        0.0005078772082924843,
        0.012171116657555103,
        -0.00882028415799141,
        0.9998868703842163
      ]
    },
    "rightIndexIntermediate": {
      "rotation": [
        0.00044183756108395755,
        -0.0011258055455982685,
        -0.0732031911611557,
        0.997316300868988
      ]
    },
    "rightIndexDistal": {
      "rotation": [
        0.000012887076081824489,
        -0.0006365487934090197,
        -0.0071052866987884045,
        0.9999745488166809
      ]
    },
    "rightMiddleProximal": {
      "rotation": [
        0.005056892987340689,
        -0.025146204978227615,
        -0.08321858197450638,
        0.9962011575698853
      ]
    },
    "rightMiddleIntermediate": {
      "rotation": [
        0.0005092186038382351,
        -0.00246634054929018,
        -0.11266205459833145,
        0.9936301708221436
      ]
    },
    "rightMiddleDistal": {
      "rotation": [
        -0.00014107360038906336,
        -0.00026919232914224267,
        -0.05113907903432846,
        0.9986914992332458
      ]
    },
    "rightRingProximal": {
      "rotation": [
        0.00808459147810936,
        -0.04427926242351532,
        -0.11178228259086609,
        0.9927127957344055
      ]
    },
    "rightRingIntermediate": {
      "rotation": [
        0.0009029261418618262,
        -0.0012196812313050032,
        -0.1604718416929245,
        0.9870392680168152
      ]
    },
    "rightRingDistal": {
      "rotation": [
        0.0002875161007978022,
        -0.002952268347144127,
        -0.12864604592323303,
        0.9916861653327942
      ]
    },
    "rightLittleProximal": {
      "rotation": [
        0.04996989294886589,
        -0.08123280107975006,
        -0.17663778364658356,
        0.9796444773674011
      ]
    },
    "rightLittleIntermediate": {
      "rotation": [
        0.00038145852158777416,
        -0.0011578091653063893,
        -0.18509982526302338,
        0.9827189445495605
      ]
    },
    "rightLittleDistal": {
      "rotation": [
        0.00004727453415398486,
        -0.0009303765255026519,
        -0.13879653811454773,
        0.9903205037117004
      ]
    },
    "leftShoulder": {
      "rotation": [
        -0.004963063169270754,
        -0.05336746573448181,
        -0.06929036974906921,
        0.9961556792259216
      ]
    },
    "leftUpperArm": {
      "rotation": [
        -0.04002044349908829,
        0.17461133003234863,
        -0.3623693585395813,
        -0.9146571159362793
      ]
    },
    "leftLowerArm": {
      "rotation": [
        -0.00027946315822191536,
        -0.7458981275558472,
        -0.0003131249104626477,
        0.6660599112510681
      ]
    },
    "leftHand": {
      "rotation": [
        -0.19739235937595367,
        -0.28290697932243347,
        -0.13318289816379547,
        0.9291190505027771
      ]
    },
    "leftThumbMetacarpal": {
      "rotation": [
        0.07471431791782379,
        -0.044688791036605835,
        -0.04500459134578705,
        0.9951860308647156
      ]
    },
    "leftThumbProximal": {
      "rotation": [
        -0.07673562318086624,
        0.2437037080526352,
        -0.042518701404333115,
        0.9658738970756531
      ]
    },
    "leftThumbDistal": {
      "rotation": [
        -0.04542753845453262,
        0.2038995623588562,
        -0.05494018271565437,
        0.9763928055763245
      ]
    },
    "leftIndexProximal": {
      "rotation": [
        1.6625466514597065e-7,
        -1.5162747502017737e-8,
        6.544854613821371e-8,
        1
      ]
    },
    "leftIndexIntermediate": {
      "rotation": [
        1.9471210066512867e-7,
        0.010730196721851826,
        0.08891285210847855,
        0.9959816336631775
      ]
    },
    "leftIndexDistal": {
      "rotation": [
        2.6910885964070985e-8,
        0.01072990894317627,
        0.08891278505325317,
        0.9959816336631775
      ]
    },
    "leftMiddleProximal": {
      "rotation": [
        0.0005973710212856531,
        0.0032717387657612562,
        0.035090476274490356,
        0.9993786215782166
      ]
    },
    "leftMiddleIntermediate": {
      "rotation": [
        -0.0002609990769997239,
        0.009976742789149284,
        0.10879669338464737,
        0.9940139055252075
      ]
    },
    "leftMiddleDistal": {
      "rotation": [
        0.0005770731950178742,
        0.01127708051353693,
        0.14470575749874115,
        0.9894102811813354
      ]
    },
    "leftRingProximal": {
      "rotation": [
        0.004320316016674042,
        0.0089180963113904,
        0.07447784394025803,
        0.9971734285354614
      ]
    },
    "leftRingIntermediate": {
      "rotation": [
        -0.0006635304307565093,
        0.011494036763906479,
        0.152731791138649,
        0.9882006049156189
      ]
    },
    "leftRingDistal": {
      "rotation": [
        0.000003772305717575364,
        0.012359067797660828,
        0.18297593295574188,
        0.9830396771430969
      ]
    },
    "leftLittleProximal": {
      "rotation": [
        -0.00246431608684361,
        0.05028805136680603,
        0.15925689041614532,
        0.9859524965286255
      ]
    },
    "leftLittleIntermediate": {
      "rotation": [
        -0.0027142998296767473,
        -0.022140178829431534,
        0.1680014729499817,
        0.9855343699455261
      ]
    },
    "leftLittleDistal": {
      "rotation": [
        -0.0007222765707410872,
        0.013188592158257961,
        0.1636885404586792,
        0.986423671245575
      ]
    },
    "rightUpperLeg": {
      "rotation": [
        0.26358678936958313,
        0.003569475607946515,
        0.1538643091917038,
        0.9522788524627686
      ]
    },