{
  "sceneRotation": {
    "y": 180
  },
  "vrmPose": {
    "hips": {
      "rotation": [
        -0.01575034111738205,
        0.10546799004077911,
        0.001674269326031208,
        0.9942965507507324
      ]
    },
    "spine": {
      "rotation": [
        -0.03732454776763916,
        0.0075292568653821945,
        0.05499830096960068,
        0.9977601766586304
      ]
    },
    "chest": {
      "rotation": [
        -0.0034597127232700586,
        0.007152765057981014,
        -0.00834951363503933,
        0.9999336004257202
      ]
    },
    "neck": {
      "rotation": [
        0.000018270693544764072,
        -0.02123355306684971,
        0.011744429357349873,
        0.9997055530548096
      ]
    },
    "head": {
      "rotation": [
        0.07895657420158386,
        -0.02687455154955387,
        -0.012023313902318478,
        0.9964432120323181
      ]
    },
    "rightShoulder": {
      "rotation": [
        0.02408578060567379,
        0.002360749989748001,
        0.028634727001190186,
        -0.9992969036102295
      ]
    },
    "rightUpperArm": {
      "rotation": [
        -0.20371513068675995,
        0.2139587253332138,
        -0.5500689148902893,
        0.7811183929443359
      ]
    },
    "rightLowerArm": {
      "rotation": [
        -0.053778454661369324,
        0.19031217694282532,
        0.022774098441004753,
        0.9799849390983582
      ]
    },
    "rightHand": {
      "rotation": [
        0.2157944291830063,
        -0.06638623028993607,
        0.008746525272727013,
        0.9741402268409729
      ]
    },
    "rightThumbMetacarpal": {
      "rotation": [
        0.017450550571084023,
        -0.012476972304284573,
        0.18635746836662292,
        0.9822477698326111
      ]
    },
    "rightThumbProximal": {
      "rotation": [
        -0.049038611352443695,
        -0.06527024507522583,
        -0.012857906520366669,
        0.9965789914131165
      ]
    },
    "rightThumbDistal": {
      "rotation": [
        0.003166034584864974,
        -0.04133074730634689,
        0.03615252673625946,
        0.9984862208366394
      ]
    },
    "rightIndexProximal": {
      "rotation": [
        -0.018242590129375458,
        -0.03311756253242493,
        -0.07195142656564713,
        0.9966912269592285
      ]
    },
    "rightIndexIntermediate": {
      "rotation": [
        0.00021350232418626547,
        -0.0022366722114384174,
        -0.1617976725101471,
        0.9868214130401611
      ]
    },
    "rightIndexDistal": {
      "rotation": [
        -0.00021485256729647517,
        -0.001632320461794734,
        -0.1259671449661255,
        0.992033064365387
      ]
    },
    "rightMiddleProximal": {
      "rotation": [
        0.021225346252322197,
        -0.047394756227731705,
        -0.09365390241146088,
        0.9942495226860046
      ]
    },
    "rightMiddleIntermediate": {
      "rotation": [
        0.00038966129068285227,
        -0.00582339009270072,
        -0.2082933783531189,
        0.9780489802360535
      ]
    },
    "rightMiddleDistal": {
      "rotation": [
        -0.0003041654999833554,
        -0.0005025402060709894,
        -0.07631080597639084,
        0.9970839023590088
      ]
    },
    "rightRingProximal": {
      "rotation": [
        0.09301231056451797,
        -0.04306608438491821,
        -0.047131337225437164,
        0.9936159253120422
      ]
    },
    "rightRingIntermediate": {
      "rotation": [
        0.001214643009006977,
        -0.002734074369072914,
        -0.24147310853004456,
        0.9704028964042664
      ]
    },
    "rightRingDistal": {
      "rotation": [
        0.00012659509957302362,
        -0.006201300770044327,
        -0.09117946773767471,
        0.9958151578903198
      ]
    },
    "rightLittleProximal": {
      "rotation": [
        0.13273970782756805,
        0.0119177820160985,
        -0.09830828011035919,
        0.98619145154953
      ]
    },
    "rightLittleIntermediate": {
      "rotation": [
        0.00034600772778503597,
        -0.0022268672473728657,
        -0.20188719034194946,
        0.9794061779975891
      ]
    },
    "rightLittleDistal": {
      "rotation": [
        0.0000023504892396886135,
        -0.0012278585927560925,
        -0.034001320600509644,
        0.9994210600852966
      ]
    },
    "leftShoulder": {
      "rotation": [
        -0.016954559832811356,
        -0.029306471347808838,
        -0.02737319841980934,
        0.9990517497062683
      ]
    },
    "leftUpperArm": {
      "rotation": [
        0.5121321082115173,
        0.14307579398155212,
        -0.42950353026390076,
        -0.7299155592918396
      ]
    },
    "leftLowerArm": {
      "rotation": [
        -0.23825637996196747,
        -0.5327330231666565,
        -0.15932436287403107,
        0.7962695360183716
      ]
    },
    "leftHand": {
      "rotation": [
        0.04059799760580063,
        -0.16183845698833466,
        -0.5258939862251282,
        0.8340237140655518
      ]
    },
    "leftThumbMetacarpal": {
      "rotation": [
        0.34703463315963745,
        0.22579488158226013,
        -0.07197503745555878,
        0.9074156880378723
      ]
    },
    "leftThumbProximal": {
      "rotation": [
        -0.1694873422384262,
        0.3351083993911743,
        -0.05732087790966034,
        0.9250355362892151
      ]
    },
    "leftThumbDistal": {
      "rotation": [
        -0.04391296207904816,
        0.14420874416828156,
        -0.06360111385583878,
        0.9865244030952454
      ]
    },
    "leftIndexProximal": {
      "rotation": [
        -0.030862906947731972,
        0.019986592233181,
        0.0706520602107048,
        0.9968231320381165
      ]
    },
    "leftIndexIntermediate": {
      "rotation": [
        -0.000048381138185504824,
        0.002282378263771534,
        0.29542475938796997,
        0.9553632736206055
      ]
    },
    "leftIndexDistal": {
      "rotation": [
        -0.00013465998927131295,
        0.0016619771486148238,
        0.1503996104001999,
        0.988623857498169
      ]
    },
    "leftMiddleProximal": {
      "rotation": [
        0.005054882261902094,
        0.06083393841981888,
        0.19624046981334686,
        0.9786538481712341
      ]
    },
    "leftMiddleIntermediate": {
      "rotation": [
        0.0002946859458461404,
        0.005989194381982088,
        0.265632301568985,
        0.9640557765960693
      ]
    },
    "leftMiddleDistal": {
      "rotation": [
        -0.00037868728395551443,
        0.000616303354036063,
        0.12153668701648712,
        0.9925866723060608
      ]
    },
    "leftRingProximal": {
      "rotation": [
        0.06340184807777405,
        0.08820699900388718,
        0.255365788936615,
        0.9607226848602295
      ]
    },
    "leftRingIntermediate": {
      "rotation": [
        0.0012821145355701447,
        0.0033994095865637064,
        0.427829772233963,
        0.9038520455360413
      ]
    },
    "leftRingDistal": {
      "rotation": [
        0.001077814376913011,
        0.008260459639132023,
        0.5652902126312256,
        0.8248500823974609
      ]
    },
    "leftLittleProximal": {
      "rotation": [
        0.1947830617427826,
        0.09532709419727325,
        0.38082224130630493,
        0.8988585472106934
      ]
    },
    "leftLittleIntermediate": {
      "rotation": [
        -0.00008519381663063541,
        0.0029218571726232767,
        0.5188547372817993,
        0.8548574447631836
      ]
    },
    "leftLittleDistal": {
      "rotation": [
        0.000004267917574907187,
        0.0023128632456064224,
        0.4654211699962616,
        0.8850862979888916
      ]
    },
    "rightUpperLeg": {
      "rotation": [
        0.10576005280017853,
        -0.270996630191803,
        0.08992143720388412,
        0.952517569065094
      ]
    },