{
  "sceneRotation": {
    "y": 180
  },
  "vrmPose": {
    "hips": {
      "rotation": [
        0.10598339140415192,
        0.01284516416490078,
        0.03946717083454132,
        0.9935013651847839
      ]
    },
    "spine": {
      "rotation": [
        -0.13396264612674713,
        0.012792778201401234,
        -0.03227172791957855,
        0.9903781414031982
      ]
    },
    "chest": {
      "rotation": [
        -0.09703292697668076,
        0.01596054807305336,
        0.005239367485046387,
        0.9951394200325012
      ]
    },
    "neck": {
      "rotation": [
        -0.13684017956256866,
        0.011831104755401611,
        -0.04365729168057442,
        0.9895598888397217
      ]
    },
    "head": {
      "rotation": [
        0.07171258330345154,
        0.03408347815275192,
        0.04273225739598274,
        0.9959264993667603
      ]
    },
    "rightShoulder": {
      "rotation": [
        0.03294634819030762,
        -0.1395585834980011,
        0.0639982745051384,
        -0.9875941276550293
      ]
    },
    "rightUpperArm": {
      "rotation": [
        0.28903576731681824,
        0.1656840592622757,
        -0.3799031376838684,
        0.8629488348960876
      ]
    },
    "rightLowerArm": {
      "rotation": [
        0.06575535237789154,
        0.6528857350349426,
        -0.05709981545805931,
        0.7524334192276001
      ]
    },
    "rightHand": {
      "rotation": [
        0.1109207272529602,
        0.12417560070753098,
        0.18019379675388336,
        0.969436526298523
      ]
    },
    "rightThumbMetacarpal": {
      "rotation": [
        -0.007335900794714689,
        -0.08589007705450058,
        0.04178725183010101,
        0.9954008460044861
      ]
    },
    "rightThumbProximal": {
      "rotation": [
        -0.07043112069368362,
        -0.11652910709381104,
        -0.0005200517480261624,
        0.9906867146492004
      ]
    },
    "rightThumbDistal": {
      "rotation": [
        0.025841234251856804,
        0.023590587079524994,
        0.021843593567609787,
        0.999148964881897
      ]
    },
    "rightIndexProximal": {
      "rotation": [
        -0.03492385894060135,
        -0.04394274204969406,
        -0.1997009515762329,
        0.978247880935669
      ]
    },
    "rightIndexIntermediate": {
      "rotation": [
        -0.00004393997005536221,
        -0.0019335830584168434,
        -0.32549187541007996,
        0.9455428719520569
      ]
    },
    "rightIndexDistal": {
      "rotation": [
        -0.00045065293670631945,
        -0.001758905709721148,
        -0.2421424835920334,
        0.970238983631134
      ]
    },
    "rightMiddleProximal": {
      "rotation": [
        0.020379837602376938,
        -0.046224694699048996,
        -0.23819397389888763,
        0.9699028730392456
      ]
    },
    "rightMiddleIntermediate": {
      "rotation": [
        -0.0008132242946885526,
        -0.0050804042257368565,
        -0.3505783677101135,
        0.9365192651748657
      ]
    },
    "rightMiddleDistal": {
      "rotation": [
        -0.0003593005531001836,
        -0.0013596861390396953,
        -0.24608872830867767,
        0.9692462682723999
      ]
    },
    "rightRingProximal": {
      "rotation": [
        0.05108368396759033,
        -0.07257988303899765,
        -0.22844122350215912,
        0.9695035815238953
      ]
    },
    "rightRingIntermediate": {
      "rotation": [
        0.0004977607168257236,
        -0.0023484649136662483,
        -0.3826994001865387,
        0.923869788646698
      ]
    },
    "rightRingDistal": {
      "rotation": [
        -0.000038707054045517,
        -0.006625013891607523,
        -0.3373570442199707,
        0.941353440284729
      ]
    },
    "rightLittleProximal": {
      "rotation": [
        0.07852397859096527,
        -0.06747099757194519,
        -0.28762298822402954,
        0.9521316289901733
      ]
    },
    "rightLittleIntermediate": {
      "rotation": [
        0.013776167295873165,
        -0.006405792199075222,
        -0.4095931351184845,
        0.9121417999267578
      ]
    },
    "rightLittleDistal": {
      "rotation": [
        -0.000020387256881804205,
        -0.001880920259281993,
        -0.25771674513816833,
        0.9662186503410339
      ]
    },
    "leftShoulder": {
      "rotation": [
        -0.02108808048069477,
        -0.1431485116481781,
        -0.025172851979732513,
        0.9891563057899475
      ]
    },
    "leftUpperArm": {
      "rotation": [
        -0.32743263244628906,
        0.1803300529718399,
        -0.506679356098175,
        -0.7768815755844116
      ]
    },
    "leftLowerArm": {
      "rotation": [
        0.06194934621453285,
        -0.6281353235244751,
        0.050264082849025726,
        0.7740037441253662
      ]
    },
    "leftHand": {
      "rotation": [
        0.07661031186580658,
        -0.040970686823129654,
        -0.1752416044473648,
        0.980684757232666
      ]
    },
    "leftThumbMetacarpal": {
      "rotation": [
        -0.10692156106233597,
        0.03594232350587845,
        -0.0260575320571661,
        0.9932758808135986
      ]
    },
    "leftThumbProximal": {
      "rotation": [
        -0.06397788226604462,
        0.14191721379756927,
        -0.02579079195857048,
        0.9874720573425293
      ]
    },
    "leftThumbDistal": {
      "rotation": [
        0.07258688658475876,
        -0.1160648912191391,
        -0.02505955658853054,
        0.9902687072753906
      ]
    },
    "leftIndexProximal": {
      "rotation": [
        -0.01780424639582634,
        0.042924173176288605,
        0.20075207948684692,
        0.9785392880439758
      ]
    },
    "leftIndexIntermediate": {
      "rotation": [
        0.01823863759636879,
        0.009801714681088924,
        0.3290087878704071,
        0.9440998435020447
      ]
    },
    "leftIndexDistal": {
      "rotation": [
        -0.00035303528420627117,
        0.0017001330852508545,
        0.19177602231502533,
        0.9814372062683105
      ]
    },
    "leftMiddleProximal": {
      "rotation": [
        0.021110989153385162,
        0.03597866743803024,
        0.2374449074268341,
        0.970504879951477
      ]
    },
    "leftMiddleIntermediate": {
      "rotation": [
        0.02162744663655758,
        0.02013278566300869,
        0.3706265091896057,
        0.9283118844032288
      ]
    },
    "leftMiddleDistal": {
      "rotation": [
        -0.0004571051395032555,
        0.0009496592101640999,
        0.17504402995109558,
        0.9845600128173828
      ]
    },
    "leftRingProximal": {
      "rotation": [
        0.04229236766695976,
        0.06205068901181221,
        0.22070607542991638,
        0.9724453091621399
      ]
    },
    "leftRingIntermediate": {
      "rotation": [
        0.020475244149565697,
        0.016241202130913734,
        0.39289021492004395,
        0.9192139506340027
      ]
    },
    "leftRingDistal": {
      "rotation": [
        -0.0002793767489492893,
        0.006650448311120272,
        0.2645151615142822,
        0.9643585681915283
      ]
    },
    "leftLittleProximal": {
      "rotation": [
        0.08320726454257965,
        0.05966826528310776,
        0.26323819160461426,
        0.9592819809913635
      ]
    },
    "leftLittleIntermediate": {
      "rotation": [
        0.020075567066669464,
        0.010771573521196842,
        0.3723635971546173,
        0.9278072714805603
      ]
    },
    "leftLittleDistal": {
      "rotation": [
        -0.00028150470461696386,
        0.0024429725017398596,
        0.2324156016111374,
        0.9726134538650513
      ]
    },
    "rightUpperLeg": {
      "rotation": [
        0.6855936050415039,
        -0.519110381603241,
        -0.3399682641029358,
        0.3806670308113098
      ]
    },
    "rightLowerLeg": {
      "rotation": [
        -0.8731015920639038,
        0.0040958053432404995,
        0.013020645827054977,
        0.48734724521636963
      ]
    },