{
  "sceneRotation": {
    "y": 180
  },
  "vrmPose": {
    "hips": {
      "rotation": [
        0.22410161793231964,
        -0.013635585084557533,
        0.038121845573186874,
        0.9737244248390198
      ]
    },
    "spine": {
      "rotation": [
        -0.10883499681949615,
        0.0011792074656113982,
        0.008313561789691448,
        0.994024395942688
      ]
    },
    "chest": {
      "rotation": [
        -0.17727625370025635,
        -0.010916654020547867,
        -0.05346193537116051,
        0.9826473593711853
      ]
    },
    "neck": {
      "rotation": [
        -0.06922674924135208,
        -0.006880752742290497,
        0.023238955065608025,
        0.9973065257072449
      ]
    },
    "head": {
      "rotation": [
        0.06721142679452896,
        0.003364195814356208,
        0.028289375826716423,
        0.997331976890564
      ]
    },
    "rightShoulder": {
      "rotation": [
        0.00901089794933796,
        0.09587975591421127,
        -0.10129112750291824,
        -0.9901848435401917
      ]
    },
    "rightUpperArm": {
      "rotation": [
        -0.10044829547405243,
        -0.3442285358905792,
        -0.33057019114494324,
        0.8730064034461975
      ]
    },
    "rightLowerArm": {
      "rotation": [
        0.00005423324182629585,
        0.05426914617419243,
        -0.000011105926205345895,
        0.9985263347625732
      ]
    },
    "rightHand": {
      "rotation": [
        0.000027659485567710362,
        -0.0004921793006360531,
        -0.10868092626333237,
        0.9940765500068665
      ]
    },
    "rightThumbMetacarpal": {
      "rotation": [
        0.06437819451093674,
        0.06480295211076736,
        0.05985056236386299,
        0.994019091129303
      ]
    },
    "rightThumbProximal": {
      "rotation": [
        -0.000004753683697344968,
        -0.000013111857697367668,
        0.000003209986516594654,
        1
      ]
    },
    "rightThumbDistal": {
      "rotation": [
        0.08806093782186508,
        0.2034156322479248,
        -0.050889257341623306,
        0.973795473575592
      ]
    },
    "rightIndexProximal": {
      "rotation": [
        0.004748202860355377,
        0.07991994917392731,
        -0.0585092231631279,
        0.995071291923523
      ]
    },
    "rightIndexIntermediate": {
      "rotation": [
        0.00045797997154295444,
        -0.0003092148690484464,
        -0.000983438454568386,
        0.9999993443489075
      ]
    },
    "rightIndexDistal": {
      "rotation": [
        -3.511831323521619e-7,
        0.000047872672439552844,
        0.04327480494976044,
        0.9990631937980652
      ]
    },
    "rightMiddleProximal": {
      "rotation": [
        -0.004374841693788767,
        0.06931974738836288,
        0.06286663562059402,
        0.995602011680603
      ]
    },
    "rightMiddleIntermediate": {
      "rotation": [
        -2.089242912006739e-8,
        -5.896155244045076e-7,
        -0.0000031018162189866416,
        1
      ]
    },
    "rightMiddleDistal": {
      "rotation": [
        7.618705240020063e-7,
        0.00001343583790003322,
        0.06303399801254272,
        0.9980113506317139
      ]
    },
    "rightRingProximal": {
      "rotation": [
        2.1378681935857458e-7,
        -0.10051458328962326,
        0.000020507084627752192,
        0.9949355721473694
      ]
    },
    "rightRingIntermediate": {
      "rotation": [
        0.0000011094647334175534,
        7.300400852727762e-7,
        -0.0000012109213685107534,
        1
      ]
    },
    "rightRingDistal": {
      "rotation": [
        -4.4729085857397877e-7,
        0.000028639236916205846,
        0.14028681814670563,
        0.9901109337806702
      ]
    },
    "rightLittleProximal": {
      "rotation": [
        -0.008020732551813126,
        -0.19307060539722443,
        -0.04068349674344063,
        0.9803082346916199
      ]
    },
    "rightLittleIntermediate": {
      "rotation": [
        -2.851635088063631e-7,
        2.8806098839595506e-7,
        -6.358755513247161e-7,
        1
      ]
    },
    "rightLittleDistal": {
      "rotation": [
        5.047568834015692e-7,
        0.00003089909296249971,
        0.1534937024116516,
        0.9881496429443359
      ]
    },
    "leftShoulder": {
      "rotation": [
        -0.0013079807395115495,
        0.027774717658758163,
        -0.0035246924962848425,
        0.9996071457862854
      ]
    },
    "leftUpperArm": {
      "rotation": [
        0.1672457903623581,
        -0.38044947385787964,
        -0.3953874707221985,
        -0.8191189169883728
      ]
    },
    "leftLowerArm": {
      "rotation": [
        0.000002254279706903617,
        -0.1094699501991272,
        -0.0001050525315804407,
        0.9939901232719421
      ]
    },
    "leftHand": {
      "rotation": [
        -0.09131930768489838,
        0.0006061237072572112,
        0.0001212330607813783,
        0.995821475982666
      ]
    },
    "leftThumbMetacarpal": {
      "rotation": [
        0.12001152336597443,
        -0.22787465155124664,
        -0.037950340658426285,
        0.9655206799507141
      ]
    },
    "leftThumbProximal": {
      "rotation": [
        -0.023444386199116707,
        -0.0031335814855992794,
        0.026825714856386185,
        0.999360203742981
      ]
    },
    "leftThumbDistal": {
      "rotation": [
        0.0518934391438961,
        -0.06577924638986588,
        -0.007525142282247543,
        0.9964554905891418
      ]
    },
    "leftIndexProximal": {
      "rotation": [
        0.0031596748158335686,
        -0.105320043861866,
        0.02092129923403263,
        0.9942132830619812
      ]
    },
    "leftIndexIntermediate": {
      "rotation": [
        0.0004311483644414693,
        0.0003623531956691295,
        0.08216717094182968,
        0.996618390083313
      ]
    },
    "leftIndexDistal": {
      "rotation": [
        -0.000041282335587311536,
        0.00007439590262947604,
        0.066041961312294,
        0.9978168606758118
      ]
    },
    "leftMiddleProximal": {
      "rotation": [
        -0.0007418981986120343,
        0.0008935972582548857,
        -0.05927305668592453,
        0.998241126537323
      ]
    },
    "leftMiddleIntermediate": {
      "rotation": [
        -2.738575517469144e-7,
        0.000014496509720629547,
        0.07170458883047104,
        0.99742591381073
      ]
    },
    "leftMiddleDistal": {
      "rotation": [
        -0.0000017611638440939714,
        0.0000152292404891341,
        0.07250164449214935,
        0.9973682761192322
      ]
    },
    "leftRingProximal": {
      "rotation": [
        -0.0044763172045350075,
        0.13859407603740692,
        -0.08133213967084885,
        0.9869937896728516
      ]
    },
    "leftRingIntermediate": {
      "rotation": [
        0.0000018458417798683513,
        0.00001402282669005217,
        0.06590340286493301,
        0.9978259801864624
      ]
    },
    "leftRingDistal": {
      "rotation": [
        1.620390293055607e-7,
        0.000016245121514657512,
        0.07657674700021744,
        0.9970636963844299
      ]
    },
    "leftLittleProximal": {
      "rotation": [
        -0.001320229726843536,
        0.31862014532089233,
        -0.09604048728942871,
        0.9430035352706909
      ]
    },
    "leftLittleIntermediate": {
      "rotation": [
        -0.00000204372440748557,
        0.000014559675037162378,
        0.06842811405658722,
        0.9976560473442078
      ]
    },
    "leftLittleDistal": {
      "rotation": [
        0.0000012424254691723036,
        0.000004240968792146305,
        0.018007997423410416,
        0.9998378157615662
      ]
    },
    "rightUpperLeg": {
      "rotation": [
        0.612525463104248,
        -0.24582231044769287,
        0.008995386771857738,
        0.7512010335922241
      ]
    },