{
  "sceneRotation": {
    "y": 180
  },
  "vrmPose": {
    "hips": {
      "rotation": [
        -0.04844675585627556,
        0.01541326753795147,
        -0.0533023327589035,
        0.997283399105072
      ]
    },
    "spine": {
      "rotation": [
        -0.08630088716745377,
        0.038179442286491394,
        0.06906091421842575,
        0.9931389689445496
      ]
    },
    "chest": {
      "rotation": [
        -0.00948114600032568,
        0.013350144028663635,
        0.04366562142968178,
        0.99891197681427
      ]
    },
    "neck": {
      "rotation": [
        0.09058690071105957,
        -0.006675577722489834,
        0.017572084441781044,
        0.9957111477851868
      ]
    },
    "head": {
      "rotation": [
        0.15348152816295624,
        -0.05021096020936966,
        0.031051872298121452,
        0.9863863587379456
      ]
    },
    "rightShoulder": {
      "rotation": [
        0.04052087292075157,
        -0.0034600875806063414,
        0.01736643724143505,
        -0.9990217685699463
      ]
    },
    "rightUpperArm": {
      "rotation": [
        0.06407619267702103,
        0.11993516236543655,
        -0.5134128332138062,
        0.8472998738288879
      ]
    },
    "rightLowerArm": {
      "rotation": [
        -0.013182351365685463,
        0.5963573455810547,
        0.009829803369939327,
        0.8025506138801575
      ]
    },
    "rightHand": {
      "rotation": [
        -0.06641767174005508,
        0.17735925316810608,
        0.04108560457825661,
        0.9810425043106079
      ]
    },
    "rightThumbMetacarpal": {
      "rotation": [
        -0.03104262612760067,
        -0.11502791196107864,
        0.010341610759496689,
        0.9928232431411743
      ]
    },
    "rightThumbProximal": {
      "rotation": [
        -0.08787354826927185,
        -0.15255236625671387,
        0.009720305912196636,
        0.9843330383300781
      ]
    },
    "rightThumbDistal": {
      "rotation": [
        -0.11638118326663971,
        -0.33125171065330505,
        0.10148133337497711,
        0.9308218359947205
      ]
    },
    "rightIndexProximal": {
      "rotation": [
        -0.09919381886720657,
        -0.050737831741571426,
        -0.5554673075675964,
        0.8240402340888977
      ]
    },
    "rightIndexIntermediate": {
      "rotation": [
        0.00019491948478389531,
        0.0008676282013766468,
        0.7454198002815247,
        -0.6665947437286377
      ]
    },
    "rightIndexDistal": {
      "rotation": [
        -0.001097763073630631,
        -0.001972868572920561,
        -0.5656189322471619,
        0.8246636390686035
      ]
    },
    "rightMiddleProximal": {
      "rotation": [
        0.014972016215324402,
        -0.0451301708817482,
        -0.5709693431854248,
        0.8195931911468506
      ]
    },
    "rightMiddleIntermediate": {
      "rotation": [
        0.002810964360833168,
        0.001343863783404231,
        0.666904628276825,
        -0.745136559009552
      ]
    },
    "rightMiddleDistal": {
      "rotation": [
        -0.0017206053016707301,
        -0.003848349442705512,
        -0.6385051012039185,
        0.7696060538291931
      ]
    },
    "rightRingProximal": {
      "rotation": [
        -0.05703268200159073,
        0.053076665848493576,
        0.5636987090110779,
        -0.822297990322113
      ]
    },
    "rightRingIntermediate": {
      "rotation": [
        0.0005126409232616425,
        0.0007268235203810036,
        0.6263028979301453,
        -0.7795793414115906
      ]
    },
    "rightRingDistal": {
      "rotation": [
        -0.0018577626906335354,
        -0.008293433114886284,
        -0.7353243231773376,
        0.6776620745658875
      ]
    },
    "rightLittleProximal": {
      "rotation": [
        0.12176433950662613,
        -0.02042880654335022,
        -0.5542650818824768,
        0.8231320381164551
      ]
    },
    "rightLittleIntermediate": {
      "rotation": [
        0.04343796521425247,
        -0.04069789499044418,
        -0.7645571827888489,
        0.6418014764785767
      ]
    },
    "rightLittleDistal": {
      "rotation": [
        0.000846491486299783,
        -0.004093217197805643,
        -0.6497238278388977,
        0.7601587772369385
      ]
    },
    "leftShoulder": {
      "rotation": [
        -0.055212218314409256,
        -0.08293729275465012,
        0.006124521605670452,
        0.9950052499771118
      ]
    },
    "leftUpperArm": {
      "rotation": [
        0.171164408326149,
        -0.03981079161167145,
        -0.5227647423744202,
        -0.8341671824455261
      ]
    },
    "leftLowerArm": {
      "rotation": [
        0.026329217478632927,
        -0.2324935346841812,
        0.011410089209675789,
        0.9721745252609253
      ]
    },
    "leftHand": {
      "rotation": [
        0.11477440595626831,
        0.06576109677553177,
        -0.07958024740219116,
        0.9880127906799316
      ]
    },
    "leftThumbMetacarpal": {
      "rotation": [
        -0.34247905015945435,
        -0.11956178396940231,
        0.04513959959149361,
        0.9307929277420044
      ]
    },
    "leftThumbProximal": {
      "rotation": [
        -0.06813797354698181,
        0.22934967279434204,
        -0.10568396002054214,
        0.9651874303817749
      ]
    },
    "leftThumbDistal": {
      "rotation": [
        -0.0764463022351265,
        0.33497291803359985,
        -0.18730497360229492,
        0.9202531576156616
      ]
    },
    "leftIndexProximal": {
      "rotation": [
        0.030066989362239838,
        -0.06848840415477753,
        -0.5068790316581726,
        -0.8587659001350403
      ]
    },
    "leftIndexIntermediate": {
      "rotation": [
        -0.04654180631041527,
        -0.05402994528412819,
        -0.697919487953186,
        -0.712617039680481
      ]
    },
    "leftIndexDistal": {
      "rotation": [
        0.0007212734781205654,
        -0.0017522332491353154,
        -0.3547504246234894,
        -0.9349591135978699
      ]
    },
    "leftMiddleProximal": {
      "rotation": [
        -0.02926875278353691,
        -0.010834941640496254,
        -0.5207453966140747,
        -0.8531413674354553
      ]
    },
    "leftMiddleIntermediate": {
      "rotation": [
        0.05248909443616867,
        0.08086284250020981,
        0.6767821311950684,
        0.72984379529953
      ]
    },
    "leftMiddleDistal": {
      "rotation": [
        0.0011042843107134104,
        -0.0020005512051284313,
        -0.3575548231601715,
        -0.9338893890380859
      ]
    },
    "leftRingProximal": {
      "rotation": [
        0.04661430045962334,
        0.007475538179278374,
        0.515909731388092,
        0.8553411364555359
      ]
    },
    "leftRingIntermediate": {
      "rotation": [
        0.05282536894083023,
        0.06855829060077667,
        0.6415912508964539,
        0.7621482014656067
      ]
    },
    "leftRingDistal": {
      "rotation": [
        -0.0012391096679493785,
        0.007986434735357761,
        0.569664716720581,
        0.8218374848365784
      ]
    },
    "leftLittleProximal": {
      "rotation": [
        0.13038265705108643,
        0.0025168859865516424,
        0.5258201360702515,
        0.840539813041687
      ]
    },
    "leftLittleIntermediate": {
      "rotation": [
        0.04961901530623436,
        0.058039866387844086,
        0.7104666233062744,
        0.6995759606361389
      ]
    },
    "leftLittleDistal": {
      "rotation": [
        -0.0024638702161610126,
        0.003180071245878935,
        0.5436294674873352,
        0.8393157124519348
      ]
    },
    "rightUpperLeg": {
      "rotation": [
        -0.09739729762077332,
        -0.10307971388101578,
        0.06312978267669678,
        0.9878780245780945
      ]
    },
    "rightLowerLeg": {
      "rotation": [
        -0.20353557169437408,
        0.022816741839051247,
        -0.0005543918814510107,
        0.9788014888763428
      ]
    },