{
  "sceneRotation": {
    "y": 180
  },
  "vrmPose": {
    "hips": {
      "rotation": [
        -0.004913893062621355,
        -0.37444567680358887,
        0.06681035459041595,
        0.9248257279396057
      ]
    },
    "spine": {
      "rotation": [
        -0.16013191640377045,
        0.03449830785393715,
        0.028193678706884384,
        0.9860896468162537
      ]
    },
    "chest": {
      "rotation": [
        -0.18290725350379944,
        0.05998821556568146,
        0.053875863552093506,
        0.9798182249069214
      ]
    },
    "neck": {
      "rotation": [
        0.1745178997516632,
        0.06420392543077469,
        -0.04055061191320419,
        0.9817214608192444
      ]
    },
    "head": {
      "rotation": [
        0.10800852626562119,
        0.1664806455373764,
        0.0012747091241180897,
        0.9801105856895447
      ]
    },
    "rightShoulder": {
      "rotation": [
        -0.02419338934123516,
        -0.24547241628170013,
        -0.0686342641711235,
        -0.9666681885719299
      ]
    },
    "rightUpperArm": {
      "rotation": [
        0.11579053103923798,
        -0.29818788170814514,
        -0.5059509873390198,
        0.8010556697845459
      ]
    },
    "rightLowerArm": {
      "rotation": [
        0.11143653839826584,
        0.33431679010391235,
        -0.07741304486989975,
        0.9326421618461609
      ]
    },
    "rightHand": {
      "rotation": [
        0.2272738665342331,
        0.1492915004491806,
        0.04796146973967552,
        0.9611234664916992
      ]
    },
    "rightThumbMetacarpal": {
      "rotation": [
        -0.008014213293790817,
        -0.05467817187309265,
        0.009032465517520905,
        0.9984309673309326
      ]
    },
    "rightThumbProximal": {
      "rotation": [
        -0.08776923269033432,
        -0.15322630107402802,
        0.009508243761956692,
        0.9842396974563599
      ]
    },
    "rightThumbDistal": {
      "rotation": [
        0.03985529765486717,
        0.056283172219991684,
        0.016027985140681267,
        0.9974902868270874
      ]
    },
    "rightIndexProximal": {
      "rotation": [
        0.0010508218547329307,
        0.0046235984191298485,
        -0.02101534605026245,
        0.9997678995132446
      ]
    },
    "rightIndexIntermediate": {
      "rotation": [
        0.000013974343346490059,
        -0.0021073061507195234,
        -0.02612847462296486,
        0.9996563792228699
      ]
    },
    "rightIndexDistal": {
      "rotation": [
        0.0000011995014119747793,
        -0.0015225958777591586,
        -0.023189079016447067,
        0.9997299313545227
      ]
    },
    "rightMiddleProximal": {
      "rotation": [
        0.004900343716144562,
        -0.026633797213435173,
        -0.022050397470593452,
        0.9993900060653687
      ]
    },
    "rightMiddleIntermediate": {
      "rotation": [
        0.00020837858028244227,
        -0.005717647727578878,
        -0.20783276855945587,
        0.9781476259231567
      ]
    },
    "rightMiddleDistal": {
      "rotation": [
        -0.00013263632718008012,
        -0.00015499955043196678,
        -0.04111051931977272,
        0.9991545677185059
      ]
    },
    "rightRingProximal": {
      "rotation": [
        0.008413857780396938,
        -0.10130367428064346,
        -0.033387091010808945,
        0.9942595362663269
      ]
    },
    "rightRingIntermediate": {
      "rotation": [
        0.0008829223806969821,
        -0.002494847634807229,
        -0.23151196539402008,
        0.9728284478187561
      ]
    },
    "rightRingDistal": {
      "rotation": [
        -0.000227485375944525,
        -0.006393502000719309,
        -0.168845072388649,
        0.9856218695640564
      ]
    },
    "rightLittleProximal": {
      "rotation": [
        0.02199670299887657,
        -0.16421674191951752,
        -0.09020861983299255,
        0.982044517993927
      ]
    },
    "rightLittleIntermediate": {
      "rotation": [
        0.00007235916564241052,
        -0.001630151178687811,
        -0.1626327633857727,
        0.9866853356361389
      ]
    },
    "rightLittleDistal": {
      "rotation": [
        -0.00022411793179344386,
        -0.0018101633759215474,
        -0.24563167989253998,
        0.9693615436553955
      ]
    },
    "leftShoulder": {
      "rotation": [
        -0.012614657171070576,
        -0.05454197898507118,
        0.018224190920591354,
        0.9982655048370361
      ]
    },
    "leftUpperArm": {
      "rotation": [
        -0.23410089313983917,
        -0.029935695230960846,
        -0.40807631611824036,
        -0.8819152116775513
      ]
    },
    "leftLowerArm": {
      "rotation": [
        0.1990625113248825,
        -0.44808876514434814,
        0.04397331550717354,
        0.8704348802566528
      ]
    },
    "leftHand": {
      "rotation": [
        -0.07126904278993607,
        -0.14282287657260895,
        -0.03489904850721359,
        0.9865618944168091
      ]
    },
    "leftThumbMetacarpal": {
      "rotation": [
        -0.1493472158908844,
        -0.09970340877771378,
        -0.09998837858438492,
        0.9786505699157715
      ]
    },
    "leftThumbProximal": {
      "rotation": [
        0.01714435964822769,
        0.0970621109008789,
        0.0738706961274147,
        0.9923850893974304
      ]
    },
    "leftThumbDistal": {
      "rotation": [
        -0.04911166802048683,
        0.07422222942113876,
        0.0034531867131590843,
        0.9960256814956665
      ]
    },
    "leftIndexProximal": {
      "rotation": [
        0.010660067200660706,
        -0.05036281794309616,
        0.0011349348351359367,
        0.9986734390258789
      ]
    },
    "leftIndexIntermediate": {
      "rotation": [
        -0.0012376420199871063,
        -0.0016743082087486982,
        0.04014982655644417,
        0.9991915225982666
      ]
    },
    "leftIndexDistal": {
      "rotation": [
        -0.00074276007944718,
        -0.003870150074362755,
        0.06599898636341095,
        0.9978119134902954
      ]
    },
    "leftMiddleProximal": {
      "rotation": [
        -0.014787816442549229,
        0.04130546376109123,
        0.03940214589238167,
        0.9982597827911377
      ]
    },
    "leftMiddleIntermediate": {
      "rotation": [
        -0.005128771066665649,
        -0.008285573683679104,
        0.11311861127614975,
        0.993533730506897
      ]
    },
    "leftMiddleDistal": {
      "rotation": [
        -0.007118618581444025,
        -0.010838591493666172,
        0.14401066303253174,
        0.9894911646842957
      ]
    },
    "leftRingProximal": {
      "rotation": [
        -0.017633123323321342,
        0.07191023230552673,
        0.12061542272567749,
        0.9899343252182007
      ]
    },
    "leftRingIntermediate": {
      "rotation": [
        0.005283983889967203,
        -0.005886119790375233,
        0.16411302983760834,
        0.9864098429679871
      ]
    },
    "leftRingDistal": {
      "rotation": [
        0.005044206976890564,
        -0.007250686176121235,
        0.19126269221305847,
        0.9814991354942322
      ]
    },
    "leftLittleProximal": {
      "rotation": [
        -0.0065078590996563435,
        0.05734742432832718,
        0.1928490698337555,
        0.9795295596122742
      ]
    },
    "leftLittleIntermediate": {
      "rotation": [
        0.00677356356754899,
        -0.002853604033589363,
        0.14560340344905853,
        0.9893157482147217
      ]
    },
    "leftLittleDistal": {
      "rotation": [
        0.018646422773599625,
        -0.0056465743109583855,
        0.29793620109558105,
        0.9543869495391846
      ]
    },
    "rightUpperLeg": {
      "rotation": [
        0.3281324803829193,
        -0.14778795838356018,
        0.008751699700951576,
        0.9329583048820496
      ]
    },